Added by,id,start page?,Page Title,Page URL,Linked from (title),Linked from (URL),Linked to (title),Linked to (URL),Image,image caption
Elle,1,Y,History of Rugby Union in Scotland,https://en.wikipedia.org/wiki/History_of_rugby_union_in_Scotland,https://en.wikipedia.org/wiki/History_of_rugby_union_in_Scotland,,,,https://en.wikipedia.org/wiki/File:Scotland_rugbyteam_1871.jpg,"Scotland's First National Rugby Team, 1871, for the 1st international, v England in Edinburgh. Scotland won by 1 goal & 1 try to 1 try
"
Mateo,2,,"Glenalmond College
","https://en.wikipedia.org/wiki/Glenalmond_College
",,,,,https://en.wikipedia.org/wiki/Glenalmond_College#/map/0,"Glenalmond
Perth, Perth and Kinross, PH1 3RY
Scotland"
Elle,3,,Robbie Coltrane,"https://en.wikipedia.org/wiki/Robbie_Coltrane 
",,,,,https://en.wikipedia.org/wiki/File:Robbiecoltrane_(cropped).jpg,Coltrane in 2007
Mateo,4,,James Bond,https://en.wikipedia.org/wiki/James_Bond,,,,,https://en.wikipedia.org/wiki/File:Fleming007impression.jpg,Ian Fleming's image of James Bond; commissioned to aid the Daily Express comic strip artists
Elle,5,,BMW Z8,https://en.wikipedia.org/wiki/BMW_Z8,,,,,https://en.wikipedia.org/wiki/File:BMW_Z8_(2009-05-20).JPG,
Mateo,6,,Need For Speed Hot Pursuit II,https://en.wikipedia.org/wiki/Need_for_Speed:_Hot_Pursuit_2,,,,,https://en.wikipedia.org/wiki/File:NFSHP2_PC.jpg,Cover art featuring a Lamborghini Murciélago
Elle,7,,Rock Music,https://en.wikipedia.org/wiki/Rock_music,,,,,https://en.wikipedia.org/wiki/File:Nirvana_around_1992.jpg,Nirvana performing in 1992
Mateo,8,,Cannabis,https://en.wikipedia.org/wiki/Cannabis_(drug),,,,,https://en.wikipedia.org/wiki/File:Hampa_Cannabis_sativa_L._(n%C3%A4rbild).jpg,Close-up of flowering cannabis plant
Elle,9,,Psychedelic Experience,https://en.wikipedia.org/wiki/Psychedelic_experience,,,,,https://en.wikipedia.org/wiki/File:Lysergs%C3%A4urediethylamid_(LSD).svg,Skeletal formula of LSD
Mateo,10,,Ego Death,https://en.wikipedia.org/wiki/Ego_death,,,,,https://en.wikipedia.org/wiki/File:Heroesjourney.svg,The Heros Journey
Elle,11,,Tomorrow Never Knows,https://en.wikipedia.org/wiki/Tomorrow_Never_Knows,,,,,https://en.wikipedia.org/wiki/File:Tomorrow_Never_Knows_sheet_music_cover.jpg,Cover of the Northern Songs sheet music (licensed to Sonora Musikförlag)
Mateo,12,,Samadhi,https://en.wikipedia.org/wiki/Samadhi,,,,,https://en.wikipedia.org/wiki/File:Anuradhapura-Samadhi_Statue-hd.jpg,"The Samādhi Buddha, Anuradhapura, Sri Lanka"